mass_eV,chi_1pct,chi_5pct,chi_10pct,chi_20pct,chi_30pct,chi_40pct,chi_50pct,chi_60pct,chi_70pct,chi_80pct,chi_90pct
0.013,8.744506845059681e-12,1.4229515232791054e-11,1.6470793684526564e-11,1.9519070411947778e-11,2.1179697359530674e-11,2.298160572066647e-11,2.4790146237247778e-11,2.6580244809379142e-11,2.8499606551936222e-11,3.0705568672965845e-11,3.502889242397251e-11
0.0135,1.2547439656840491e-11,1.5530426138631817e-11,1.7929023289188428e-11,2.0116882672557412e-11,2.1741459699877296e-11,2.3497232527294868e-11,2.5089289211947707e-11,2.6683778593146898e-11,2.8379601908730577e-11,3.01831991929686e-11,3.442350562604189e-11
0.014,8.630680996736545e-12,1.3358146642600067e-11,1.5517075128747612e-11,1.7781784969447695e-11,1.959849975111946e-11,2.095600552716018e-11,2.240754002761276e-11,2.3961044782673296e-11,2.587684381564151e-11,2.794582005636554e-11,3.0180220748200416e-11
0.0145,1.0294216251667977e-11,1.3101881599481808e-11,1.5249293106534428e-11,1.7502464178292033e-11,1.9393992922912943e-11,2.0594397878378706e-11,2.186910275046484e-11,2.322270638523944e-11,2.4910598149793136e-11,2.700774329701189e-11,2.928144051825367e-11
0.0151,8.375118198018544e-12,1.2365317165655348e-11,1.477385215475717e-11,1.6495753856619226e-11,1.8330999865136022e-11,1.967087097114158e-11,2.082833369619945e-11,2.205390321540294e-11,2.3351587031809027e-11,2.5394285748845782e-11,2.8206936533581408e-11
0.0156,1.0057927466591011e-11,1.264817534104349e-11,1.4919637935113965e-11,1.6471030736065475e-11,1.8183742439882634e-11,1.9544112546618242e-11,2.0669134671310752e-11,2.185891669635835e-11,2.3117186410399106e-11,2.4937318396423797e-11,2.783376588255969e-11
0.0162,8.744506845059681e-12,1.2704788679744128e-11,1.4832640405737245e-11,1.5999157882514647e-11,1.7220818670638045e-11,1.8535762811060214e-11,1.969966331925995e-11,2.085030332254988e-11,2.2068151196132524e-11,2.3357132492584167e-11,2.608413561027244e-11
0.0168,6.280405034574066e-13,9.471410096792769e-12,1.1315693502795762e-11,1.3156449781279144e-11,1.491900293574801e-11,1.600598690141232e-11,1.717216745593037e-11,1.842331478532547e-11,1.985120568581125e-11,2.143820921881847e-11,2.3152085660889225e-11
0.0175,3.486448704599857e-12,1.040743187468416e-11,1.2076853131155205e-11,1.3748014024429511e-11,1.5228852373443556e-11,1.6171402360699343e-11,1.7172289014217914e-11,1.8235122929380747e-11,1.9507639147736903e-11,2.107770018535693e-11,2.27741266761814e-11
0.0181,8.533231116672059e-12,1.2008110744387921e-11,1.2949378254402192e-11,1.4944502897472185e-11,1.583257656800107e-11,1.6773423813515846e-11,1.7770180691653642e-11,1.8826169619560217e-11,2.0202925995633586e-11,2.169318054678401e-11,2.3293362671183202e-11
0.0188,6.5485603037538824e-12,9.503231383971702e-12,1.0693683382482994e-11,1.2361578889485998e-11,1.3485652502872748e-11,1.471194133484998e-11,1.5643798763602046e-11,1.6573427931217734e-11,1.7558300099740116e-11,1.8601698071877507e-11,2.1071221492590335e-11
0.0195,6.599793425081016e-12,9.351936316004825e-12,1.0896110843563404e-11,1.2508992521476758e-11,1.3625202602902845e-11,1.484101502590351e-11,1.5656350297911337e-11,1.650239414837514e-11,1.7394156840285938e-11,1.83341089458984e-11,2.0318664857229462e-11
0.0202,6.801189646445021e-12,9.357234339990769e-12,1.0636840416756904e-11,1.22559905521635e-11,1.3168708029651005e-11,1.4149396609936408e-11,1.5137288039319818e-11,1.6034581984944984e-11,1.698506487846915e-11,1.7991889604398445e-11,1.953464442101071e-11
0.021,4.0819853416869753e-13,7.749870182968931e-12,8.995412944755578e-12,1.0457664124379545e-11,1.1841072508611648e-11,1.2605900313150731e-11,1.3420129180825833e-11,1.4286949980254023e-11,1.5305975512294838e-11,1.6585281060389475e-11,1.797151365041431e-11
0.0218,5.6143150412946884e-12,8.678425958102167e-12,9.749093448052381e-12,1.1154748980611786e-11,1.2131575670581967e-11,1.28103957945973e-11,1.3527199175963522e-11,1.4284111160980813e-11,1.518691795506631e-11,1.64697573632111e-11,1.7860958254045035e-11
0.0226,4.344941017625617e-12,6.80980271013145e-12,7.990401748881121e-12,9.52069913091797e-12,1.0351366075705184e-11,1.1254507485200704e-11,1.2081506343390897e-11,1.2814246674607308e-11,1.3591427523233605e-11,1.4415744195510712e-11,1.6048292897107403e-11
0.0234,6.152756706246777e-12,7.644699951582165e-12,8.907314361393827e-12,9.943538480239735e-12,1.0811097534062964e-11,1.1740195303484953e-11,1.2319635594724047e-11,1.2927674307235653e-11,1.3565722923292766e-11,1.4235262589230715e-11,1.5166084907713155e-11
0.0243,4.992227204043404e-12,6.4940128721577256e-12,7.539240042835905e-12,8.626558300750706e-12,9.50939593266364e-12,1.0087439405346724e-11,1.0700620152645052e-11,1.1351074048633476e-11,1.2134526435385512e-11,1.3091994602319782e-11,1.412501127092604e-11
0.0252,5.013842488778352e-12,6.25790417804616e-12,7.302930331538167e-12,8.119420183228309e-12,9.027196086906922e-12,9.618811356481322e-12,1.0129328607676231e-11,1.0666941500329122e-11,1.1233088132338397e-11,1.1963589250836107e-11,1.3424362018146483e-11
0.0262,2.023214373245924e-12,5.342448956748461e-12,6.160953283264228e-12,7.302761586521786e-12,7.892614582558238e-12,8.530110727396824e-12,9.219098216508344e-12,9.774472000266259e-12,1.0358212801799919e-11,1.097681516141727e-11,1.1632361044656543e-11
0.0272,3.934041167143834e-12,5.425193797458182e-12,6.129927404246217e-12,7.178638970494537e-12,7.694284088065948e-12,8.176873313749436e-12,8.68973076946965e-12,9.234754893278734e-12,9.875970742162282e-12,1.056197635058752e-11,1.1295633345096897e-11
0.0282,2.5349505998242957e-13,4.545156399821959e-12,5.204725111034047e-12,6.128633869687278e-12,6.79512515631554e-12,7.401696157737658e-12,7.781944326543931e-12,8.181727027273623e-12,8.60204780963123e-12,9.043961778793137e-12,1.0079403246173689e-11
0.0293,3.424035097023069e-12,4.703584328169873e-12,5.22223253304425e-12,5.996578386220954e-12,6.49968099373985e-12,7.0449930442761024e-12,7.518411841864481e-12,7.93908697869418e-12,8.383300008162492e-12,8.852367937958634e-12,9.640468603784583e-12
0.0296,3.1445195234670366e-12,4.2346790225955355e-12,4.9084133774245035e-12,5.8404134456085495e-12,6.257141458462557e-12,6.7036040506086625e-12,7.181922858170263e-12,7.641570770345213e-12,8.117102692899013e-12,8.622226778656387e-12,9.158784536213361e-12
0.0304,2.698272115976341e-12,4.275143256156444e-12,4.943474915983554e-12,5.837045114484841e-12,6.184868042566323e-12,6.553417346224201e-12,6.943928086778046e-12,7.371737094524808e-12,7.891493012123951e-12,8.447895138128942e-12,9.043527271098082e-12
0.0315,2.5675008124158576e-12,3.793210097310915e-12,4.5631744165242086e-12,5.1320258092785915e-12,5.75294653751676e-12,6.082582538307588e-12,6.431106232962555e-12,6.799599860614065e-12,7.1892076712227755e-12,7.82998983590798e-12,8.600702158068586e-12
0.0323,2.698272115976341e-12,3.7147775929959955e-12,4.532290062677574e-12,4.947621164860965e-12,5.401012479884962e-12,5.833237352295591e-12,6.154360263162572e-12,6.493161166138532e-12,6.850613244370576e-12,7.22774325527103e-12,8.131109870891536e-12
0.0327,2.967050649524049e-12,3.646051995028651e-12,4.302601914737834e-12,4.857354469231717e-12,5.286013034736671e-12,5.746942385846135e-12,6.078624597059155e-12,6.429449698847537e-12,6.800522514584927e-12,7.193011632032267e-12,8.084900805602977e-12
0.0339,2.6227511431000945e-12,3.864682694384626e-12,4.494180682304868e-12,4.855246564025077e-12,5.222582994759454e-12,5.617711227942027e-12,5.967231517437615e-12,6.306699399914507e-12,6.6654791597497015e-12,7.04466942401914e-12,7.799777822533209e-12
0.0352,2.5675008124158576e-12,3.5739328597461052e-12,3.878001932162134e-12,4.536556787253093e-12,4.812420016722745e-12,5.10505819797681e-12,5.415491398125757e-12,5.74563650734384e-12,6.129214560001325e-12,6.5384002406896555e-12,6.974903111801242e-12
0.0365,2.5675008124158576e-12,3.389702373936672e-12,3.731157095586486e-12,4.17751866892687e-12,4.5927693428794375e-12,4.8416041231347375e-12,5.1039206925334e-12,5.380449490117382e-12,5.671960529883385e-12,6.1689228730357174e-12,6.766299483521044e-12
0.0379,1.7060801428053075e-12,2.87256555557185e-12,3.189251644172289e-12,3.681039423555769e-12,3.946823007818094e-12,4.231797072141898e-12,4.533636385353434e-12,4.7891323718662985e-12,5.059026998582218e-12,5.344131710105573e-12,5.645303680521912e-12
0.0393,1.9899770449097166e-12,2.7345813582448886e-12,2.9954496476774343e-12,3.4493490517581335e-12,3.7178329473398895e-12,3.929803125426571e-12,4.1538586653448654e-12,4.390688607279198e-12,4.691024403339145e-12,5.0712551643697274e-12,5.482305511742875e-12
0.0408,1.5238749366422635e-12,2.3008378021183155e-12,2.6473056756047315e-12,2.973709610115648e-12,3.1986501202764937e-12,3.440605820131499e-12,3.666369779375949e-12,3.8739172892744124e-12,4.093213741984728e-12,4.3249242269472415e-12,4.702159182057903e-12
0.0423,1.538974691786676e-12,2.0815290792339165e-12,2.390638346378067e-12,2.8368753730035278e-12,3.017162096770677e-12,3.2089062511588544e-12,3.4128359691869276e-12,3.63424357787402e-12,3.880964244968711e-12,4.144434226265191e-12,4.425790595238229e-12
0.0439,1.2838953443785136e-12,1.8130229476190987e-12,2.0861201343358694e-12,2.385395480635086e-12,2.6241260407215633e-12,2.854539885867946e-12,3.022521772767148e-12,3.200388935561759e-12,3.388723095777415e-12,3.6178409950189434e-12,4.085827899094444e-12
0.0455,1.443880691508683e-12,1.7502925077255152e-12,1.9381187687709624e-12,2.2703600669136016e-12,2.4448738881204037e-12,2.632801913636041e-12,2.828169834434546e-12,2.9902022809626374e-12,3.1615179442934167e-12,3.342648681570637e-12,3.534156821274375e-12
0.0472,8.074686815519778e-13,1.5592295256304673e-12,1.8108903982168537e-12,2.085397016186513e-12,2.2952315531033654e-12,2.445508955583166e-12,2.6056255821994238e-12,2.776225643791647e-12,2.9791314148048088e-12,3.2016595249809018e-12,3.4408095134576497e-12
0.049,8.348853740698501e-13,1.4942954624609967e-12,1.7500509461485592e-12,1.93133220455689e-12,2.1313917132341325e-12,2.2871381182680613e-12,2.413039716691479e-12,2.545871903328586e-12,2.6860161908336333e-12,2.8662464484191845e-12,3.223486251275856e-12
0.0509,9.741062092012857e-13,1.4188732622403397e-12,1.5909695117559195e-12,1.828369323419964e-12,1.9796769833064982e-12,2.143506187744828e-12,2.289409425174191e-12,2.423481089288543e-12,2.5654042154090952e-12,2.7156385983481364e-12,3.011396152470132e-12
0.0528,1.0251376611482395e-12,1.4477745050582506e-12,1.7042464869920036e-12,1.9112538370205197e-12,2.1100963214286877e-12,2.269550114481697e-12,2.383683403447434e-12,2.503556335511175e-12,2.629457551289419e-12,2.7616902068318105e-12,3.1089031405384444e-12
0.0547,1.256874682140755e-12,1.674113780451797e-12,1.834374653304828e-12,2.0655036314524964e-12,2.266500184695279e-12,2.4008798795363713e-12,2.5432268812003452e-12,2.694013567438058e-12,2.870209593624834e-12,3.102021953794746e-12,3.3525566297310543e-12
0.0558,1.0003172723023043e-12,1.7688755806864569e-12,1.9639572655601002e-12,2.281006278223268e-12,2.449289589308832e-12,2.629988154600527e-12,2.820436474758531e-12,2.9835935573186273e-12,3.156188978174147e-12,3.338768727902875e-12,3.531910381637216e-12
0.0568,8.348853740698501e-13,1.7895441980943557e-12,1.9798715506015055e-12,2.2853653386183996e-12,2.456618289981783e-12,2.640704013793016e-12,2.8348484147142677e-12,3.021470313529616e-12,3.22037778392496e-12,3.4323796016656862e-12,3.821354544039281e-12
0.0589,1.256874682140755e-12,1.9044582505907487e-12,2.2367128435242394e-12,2.472425138011888e-12,2.732977583944778e-12,2.9243234775972787e-12,3.0922682164962875e-12,3.2698580700824957e-12,3.4576469600680956e-12,3.741285087536666e-12,4.1556278309144614e-12
0.0611,1.882408653941353e-12,2.3304441623046698e-12,2.672737902582022e-12,2.974924743394521e-12,3.1930407188555553e-12,3.4271485538945206e-12,3.655109606461023e-12,3.868607611452921e-12,4.094576213237578e-12,4.333743829789551e-12,4.746870825846616e-12
0.0634,1.882408653941353e-12,2.374541868709014e-12,2.8224727327497608e-12,3.1440337562896803e-12,3.5022298518571203e-12,3.720416587142333e-12,3.917459824296403e-12,4.124938999576955e-12,4.3434068282466356e-12,4.643199102232469e-12,5.225064460406149e-12
0.0658,1.7060801428053075e-12,2.9501811920696375e-12,3.3402852965597298e-12,3.762333859869282e-12,4.050564240858444e-12,4.3608757968893064e-12,4.6505262925748664e-12,4.915109934597689e-12,5.1947466048633425e-12,5.49029271935258e-12,5.976954522267264e-12
0.0683,2.698272115976341e-12,3.520875385844814e-12,3.8635135139133814e-12,4.54072366053981e-12,4.8388800137298646e-12,5.156614129759823e-12,5.4952115381638206e-12,5.8544370778268374e-12,6.233606210253359e-12,6.637332653497961e-12,7.0672068891242555e-12
0.0709,3.2045934643919456e-12,3.998777141206061e-12,4.595027633677462e-12,5.090267019296166e-12,5.638881937908523e-12,6.033444512939288e-12,6.4108852707779894e-12,6.81193800107659e-12,7.238079823705874e-12,7.888492467009633e-12,8.619719908697492e-12
0.0735,2.1262944543477958e-12,3.793210097310915e-12,4.569551065474092e-12,5.228655399037671e-12,5.865497947101775e-12,6.299595778884915e-12,6.765820623456815e-12,7.266550159016138e-12,7.772216034448695e-12,8.312228063964515e-12,8.889760022253488e-12
0.0751,4.992227204043404e-12,6.107076867486961e-12,6.888734816206392e-12,7.726871800447127e-12,8.348874919685263e-12,9.020948480148953e-12,9.579987900943532e-12,1.0096491908579644e-11,1.0640843173713593e-11,1.1214543078210248e-11,1.2110058680536512e-11
0.0763,6.165847667816804e-12,7.52748787455626e-12,8.307006722377986e-12,9.511304533508697e-12,1.0133898843093194e-11,1.0797247149457185e-11,1.1504017142021982e-11,1.2210604407834883e-11,1.294004662985435e-11,1.3713064578143569e-11,1.4532261397766944e-11
0.0792,4.344941017625617e-12,5.1007328018217185e-12,5.835205754809989e-12,6.652127910713247e-12,7.387057334674754e-12,7.743519624094052e-12,8.117182993459162e-12,8.508877480505065e-12,8.9194731764193e-12,9.511270107137258e-12,1.0654717097082685e-11
0.0821,3.8288829151638194e-12,5.044508470180281e-12,6.005817266637543e-12,6.997785094060318e-12,7.588550456524943e-12,8.026505661130453e-12,8.489736412408534e-12,8.97970142863192e-12,9.598898185410017e-12,1.0371399060356857e-11,1.1206069320817202e-11
0.0852,6.2459285788430575e-12,7.601954032269001e-12,8.38918432040512e-12,9.530373800110993e-12,1.013113082689077e-11,1.0769757197811221e-11,1.1448640046375067e-11,1.2148128231381446e-11,1.2875660225405452e-11,1.3646762948372037e-11,1.4464045781636444e-11
0.0884,3.486448704599857e-12,6.3714185996570435e-12,7.470247902224725e-12,8.4013893994014e-12,9.328960440875656e-12,9.820809655141556e-12,1.0338590552911442e-11,1.0883670325978746e-11,1.1457488248360167e-11,1.2380063202735636e-11,1.3656608242342924e-11
0.09,6.362647383468083e-12,7.950754108780701e-12,9.270591457757285e-12,1.0129711855537315e-11,1.1068448301683288e-11,1.1917597605418778e-11,1.249154191897382e-11,1.3093127044542218e-11,1.372368414696124e-11,1.4384608499163943e-11,1.5689195957149812e-11
0.0917,6.3352193877093964e-12,8.69110390314877e-12,9.688758782332616e-12,1.0883637624908026e-11,1.1939597580515124e-11,1.256375038228929e-11,1.3220531312217316e-11,1.3911646033950469e-11,1.463888937618429e-11,1.5894217385408697e-11,1.7504834896638584e-11
0.0945,5.0636009447140114e-12,7.484141021813899e-12,8.895848641853669e-12,9.93161741329398e-12,1.077350194986304e-11,1.1686751455844418e-11,1.2343876866729175e-11,1.3024989621117747e-11,1.3743684942895815e-11,1.4502036570019987e-11,1.6150687095827555e-11
0.0952,5.359447128545281e-12,7.507950809123059e-12,8.638545878735315e-12,9.88416721778655e-12,1.0803720776219262e-11,1.1772778184770627e-11,1.2407691367372965e-11,1.307684580918488e-11,1.378208816241713e-11,1.4525364670372168e-11,1.6183192588664964e-11
0.0987,2.1650664311531087e-12,6.566181890784852e-12,7.861928639653456e-12,9.34148996279834e-12,1.0013869128132038e-11,1.0734644613943014e-11,1.1507299877120617e-11,1.2253011913693056e-11,1.3015541512796271e-11,1.382552486397319e-11,1.468591510974912e-11
0.1022,7.124593453156207e-12,1.081269146875318e-11,1.2207604252953645e-11,1.3858589957018474e-11,1.5256072189373888e-11,1.615593377652005e-11,1.71088726476467e-11,1.8118019504313787e-11,1.931047502698974e-11,2.0913339850258723e-11,2.2649250372200606e-11
0.1024,1.1096216195332755e-11,1.9208609159951904e-11,2.2214324947009746e-11,2.538865765487558e-11,2.7467367533410073e-11,2.9716272891274446e-11,3.1594205288412885e-11,3.335760432621203e-11,3.5219425721469586e-11,3.71851628198436e-11,4.090675053319549e-11
0.1025,9.041065455111016e-12,2.04980148826801e-11,2.4849207507348105e-11,2.797908747052027e-11,3.093172509436828e-11,3.278384873819835e-11,3.474687347084804e-11,3.682743980551545e-11,3.925116434350393e-11,4.274015528768271e-11,4.6539278632062973e-11
0.1029,6.362647383468083e-12,8.551376338576544e-12,9.726841235336297e-12,1.118200988151445e-11,1.2245212885704891e-11,1.3081427589740284e-11,1.3974746652660389e-11,1.4928006169167376e-11,1.592713163315379e-11,1.6993128163609136e-11,1.8130471414184274e-11
0.1063,6.088364604765457e-12,7.450175909293564e-12,8.364494010122106e-12,9.673565287187267e-12,1.0487788196893914e-11,1.1370544157963713e-11,1.2121646258745113e-11,1.2792047554327479e-11,1.3499526148448697e-11,1.4246132642854369e-11,1.547322862816568e-11
0.1089,6.801189646445021e-12,9.651170487534137e-12,1.1732174621513799e-11,1.2794964665172541e-11,1.3954030353657511e-11,1.5096746693166684e-11,1.5972055743307233e-11,1.6898115193439833e-11,1.787786755066983e-11,1.8957925114459792e-11,2.130826850054486e-11
0.1103,3.372097083319899e-12,7.539425661637299e-12,9.425521260484485e-12,1.0776365651797563e-11,1.194567690886921e-11,1.2570147512797e-11,1.3227262858261459e-11,1.3918729477392778e-11,1.4646343112765954e-11,1.5884176844152437e-11,1.745377851294289e-11
0.1144,6.6579099547243345e-12,8.533868887206055e-12,9.82853676467629e-12,1.176361391696617e-11,1.247346449641678e-11,1.322614951847177e-11,1.4024253737622215e-11,1.487051787994124e-11,1.5896978031917712e-11,1.6994847265423338e-11,1.816853700087952e-11
0.1187,6.801189646445021e-12,9.363958102591173e-12,1.031686473853296e-11,1.1981964070868017e-11,1.2779650564295649e-11,1.3630442186234163e-11,1.4537874354040423e-11,1.544418974885724e-11,1.63711970841031e-11,1.735384622468635e-11,1.8395476961333008e-11
0.1223,4.09830694777032e-12,8.159521171266378e-12,9.563406593832303e-12,1.0925834232162045e-11,1.2051695091715136e-11,1.2782627377990294e-11,1.3557890524202936e-11,1.4380173185895602e-11,1.5371681746632012e-11,1.6604635579760477e-11,1.7936483937228108e-11
0.1232,6.362647383468083e-12,9.264207797593497e-12,9.953920737477377e-12,1.1491215226429716e-11,1.2347225824791155e-11,1.311561854525307e-11,1.3931829891634453e-11,1.4798835713294595e-11,1.584604234945589e-11,1.6979789163704216e-11,1.8194652878341463e-11
0.1278,7.807847678033747e-12,9.596924011153481e-12,1.0811865491443156e-11,1.2162002342269455e-11,1.2860550223698989e-11,1.3599220539651804e-11,1.438031779894516e-11,1.5248789041296163e-11,1.623882174237464e-11,1.729313264590901e-11,1.8415895035576277e-11
0.1304,9.88810314992409e-12,1.2056616638202855e-11,1.3243406015120787e-11,1.5186915139738488e-11,1.603846647865495e-11,1.6937765479037697e-11,1.7887489418311385e-11,1.8895104887179966e-11,2.026349773535421e-11,2.1730990270887332e-11,2.330475934218792e-11
0.1326,6.724394261428487e-12,9.619310647022705e-12,1.0764211720076352e-11,1.2213518438257085e-11,1.3049963147460894e-11,1.394369190262508e-11,1.4894514999124997e-11,1.573960642196916e-11,1.6632647006837576e-11,1.757635731398748e-11,1.8573612263998862e-11
0.1336,6.2459285788430575e-12,8.577517071426677e-12,9.903895964338731e-12,1.1742921057666721e-11,1.244973495143494e-11,1.319909242341257e-11,1.3993554198654424e-11,1.4835835133886465e-11,1.588986005286539e-11,1.7026741920053286e-11,1.824496499324562e-11
0.1376,6.362647383468083e-12,9.620368364746397e-12,1.092105657399947e-11,1.230121233072583e-11,1.3153449121756278e-11,1.4064729487392053e-11,1.501023980622913e-11,1.5863928433133834e-11,1.676616953362413e-11,1.7719724468947094e-11,1.8727511649318952e-11
0.1428,6.997037079917895e-12,9.29898590119423e-12,1.0948420005586654e-11,1.2529095320168583e-11,1.3630622054218134e-11,1.4828992264577857e-11,1.5567989166290332e-11,1.6322102245832714e-11,1.7112744547656877e-11,1.7941685546549588e-11,1.8810780430620115e-11
0.1438,6.6579099547243345e-12,9.177465586709292e-12,1.0488975512564646e-11,1.2143288921709882e-11,1.291923318544931e-11,1.3744759527348225e-11,1.4623036193619124e-11,1.5544779952869758e-11,1.651953218561199e-11,1.755540731093403e-11,1.8656238105896366e-11
0.1481,7.620572865901726e-12,9.154849785568587e-12,1.0162267610449016e-11,1.1937535949932325e-11,1.2738974477092188e-11,1.3594218388839798e-11,1.4506879963986975e-11,1.5445692596105143e-11,1.6421932149037316e-11,1.7459874578598704e-11,1.856341979334428e-11
0.15,5.430138163640159e-12,8.71976932478843e-12,1.0262235477036568e-11,1.212241284817774e-11,1.3000513300589658e-11,1.3942219935548085e-11,1.494158741041193e-11,1.587361448570032e-11,1.6863779591788922e-11,1.7915709265626018e-11,1.9430168320177185e-11
0.1537,8.310105618119384e-12,1.0612179677915808e-11,1.1971749412344033e-11,1.2945352230604288e-11,1.3998133322237657e-11,1.5040590108528683e-11,1.5808135898807453e-11,1.6614850799867428e-11,1.746273367517548e-11,1.8353885393454133e-11,2.0295476947506023e-11
0.1571,4.2790385126488245e-12,8.517841871907258e-12,9.817771291297873e-12,1.1626353349514495e-11,1.2448545287686255e-11,1.3261414312491146e-11,1.4127362314495154e-11,1.505562438402598e-11,1.6071846932759783e-11,1.7156662337041285e-11,1.8314700468386454e-11
0.1595,9.041065455111016e-12,1.0569840511959717e-11,1.1905253165302495e-11,1.2866892590904244e-11,1.3906207843473437e-11,1.4975778610120576e-11,1.57584413399731e-11,1.658200751562618e-11,1.7448614829107998e-11,1.8360512692305974e-11,2.0341561074897454e-11
0.1654,7.978174310278599e-12,9.873162939237097e-12,1.1341025457042203e-11,1.2565546333840441e-11,1.3597997079451613e-11,1.4715279356760146e-11,1.5524909774030383e-11,1.6313794647737287e-11,1.7142766024555835e-11,1.8013860865499253e-11,1.912588531899488e-11
0.1717,8.310105618119384e-12,1.0585911998440562e-11,1.2042190130467063e-11,1.3357784268543864e-11,1.4817105412870455e-11,1.560431026787483e-11,1.6400623615282628e-11,1.723757412872822e-11,1.8117235588927336e-11,1.926455253931615e-11,2.1616265670869053e-11
0.1781,5.200731372084494e-12,1.0890376120534946e-11,1.2602695272989776e-11,1.4925526528621292e-11,1.5782573221480864e-11,1.6688832853819186e-11,1.7647131308324235e-11,1.8660456734214922e-11,1.9977790860799503e-11,2.1456009952138473e-11,2.3043607087187396e-11
0.1802,8.744506845059681e-12,1.4915556379697772e-11,1.5966958763614263e-11,1.8297328909919547e-11,1.9721845943663433e-11,2.0876609827431717e-11,2.209898805273086e-11,2.3392939610004727e-11,2.4993090190631714e-11,2.6877710913441112e-11,2.8904442725425746e-11
0.1848,1.5354407359255492e-11,1.7436294017224142e-11,1.9284281352766543e-11,2.1011152024591026e-11,2.2892660676574396e-11,2.4471677451568723e-11,2.561100184293479e-11,2.6803369597238707e-11,2.8051250246751603e-11,2.9357228297405776e-11,3.1819806259524587e-11
0.1855,1.7113286848247122e-11,2.1958821257193183e-11,2.489720566707137e-11,2.820778890313465e-11,3.104288182760947e-11,3.2720541171271326e-11,3.4488866738803815e-11,3.635275843088254e-11,3.83173809549167e-11,4.177075814865234e-11,4.5750596854450804e-11
0.1917,8.879202396484664e-12,1.2486794094110501e-11,1.4415856578234092e-11,1.617693285949947e-11,1.7775463338057307e-11,1.9260223285330184e-11,2.0363577446410162e-11,2.1530139099258925e-11,2.276352919094563e-11,2.4191425799456143e-11,2.7115047720722758e-11
0.1933,8.448865500840133e-12,1.2119449034741437e-11,1.3777290971369995e-11,1.5735347099102116e-11,1.7050540425323376e-11,1.847566036926987e-11,1.966959640181142e-11,2.0807334135648973e-11,2.201088141252721e-11,2.3284044817941455e-11,2.592514154283534e-11
0.1989,1.3062923440820575e-11,1.55803167177021e-11,1.6924955487714887e-11,1.9224264497540846e-11,2.028725668672157e-11,2.140902628163367e-11,2.2592823337601706e-11,2.3842077619474635e-11,2.546120392337585e-11,2.721990210418904e-11,2.910007998016907e-11
0.2064,1.213933913799656e-11,1.396743177927985e-11,1.5498114271010443e-11,1.7617542001665518e-11,1.9309889028291418e-11,2.0286992466361144e-11,2.131353850491857e-11,2.2392028998575845e-11,2.352509239877506e-11,2.536920417636703e-11,2.7767262258424905e-11
0.2142,8.744506845059681e-12,1.2885568075254095e-11,1.5059111721070848e-11,1.6681571297973585e-11,1.8478833687116503e-11,1.9630860468645367e-11,2.062843899234214e-11,2.167671131586151e-11,2.2778253538507255e-11,2.3935772668839337e-11,2.7202657915996636e-11
0.2168,1.1472435664837611e-11,1.5530944791096438e-11,1.721182881416659e-11,1.949676931593456e-11,2.067898994179699e-11,2.1932896578073068e-11,2.3262836031083545e-11,2.468455020274703e-11,2.6204713002191496e-11,2.7818492858371108e-11,2.9531655044133814e-11
0.2204,9.041065455111016e-12,1.356485021276284e-11,1.5556931113667096e-11,1.797526109281675e-11,1.953172891599763e-11,2.0568453742352112e-11,2.166020689570232e-11,2.2809909225144164e-11,2.4062398742653288e-11,2.6124519076731074e-11,2.8363360789159195e-11
0.2222,8.879202396484664e-12,1.3623975998990289e-11,1.5687767259001158e-11,1.8429787738961094e-11,1.990500496088364e-11,2.1186943739635874e-11,2.2551443011876874e-11,2.4008753549749027e-11,2.5701436040679192e-11,2.7513457255677946e-11,2.945323089970085e-11
0.2265,1.1472435664837611e-11,1.67578266895429e-11,1.9050403958539622e-11,2.035105917397565e-11,2.174051586538673e-11,2.3224836901734593e-11,2.459851118403465e-11,2.585942897903255e-11,2.7184981323408038e-11,2.8578481379200785e-11,3.0043412140881944e-11
0.2305,1.1096216195332755e-11,1.5518269249528064e-11,1.7347075873150993e-11,1.9618377058308995e-11,2.0878453543750848e-11,2.221946397925626e-11,2.3646606703456623e-11,2.5058741935515384e-11,2.6526172514986217e-11,2.8079535281759486e-11,2.9723862392666244e-11
0.2349,1.2846888764019038e-11,1.56544872905832e-11,1.7412530430280612e-11,1.9804039034289823e-11,2.1397955645098676e-11,2.312015771110257e-11,2.4615038416157422e-11,2.588499181226129e-11,2.7220465383512227e-11,2.862483948494073e-11,3.010166887282297e-11
0.2392,1.2627844357317683e-11,1.5789146385468524e-11,1.86320721802726e-11,2.0110796239731078e-11,2.1483849119486442e-11,2.2950646383508494e-11,2.4382038793118508e-11,2.5642698212739727e-11,2.696853930915866e-11,2.836293226382471e-11,2.9829421511498445e-11
0.2482,1.0057927466591011e-11,1.2966925165120859e-11,1.517621089824442e-11,1.6775187800643185e-11,1.854263410238988e-11,1.9687666377285383e-11,2.072344653988854e-11,2.1813719729988427e-11,2.2961352859071468e-11,2.4420393620652027e-11,2.7243065226197673e-11
0.2575,1.002844071016372e-11,1.2708434677587049e-11,1.499661322173066e-11,1.6413936156090295e-11,1.7965209621183825e-11,1.9307676612648314e-11,2.0299398493768004e-11,2.1342059299814958e-11,2.2438275464007137e-11,2.3590797810360787e-11,2.6414553308055215e-11
0.2672,9.041065455111016e-12,1.2792139836532e-11,1.5417283227078047e-11,1.7894522202250822e-11,1.9559967535777263e-11,2.067780784938919e-11,2.1859532060786247e-11,2.3108791096085986e-11,2.4631713497812844e-11,2.6648448170010036e-11,2.8830304068483517e-11
0.2772,1.0545121448057368e-11,1.4933159829669416e-11,1.6452844216977222e-11,1.9255000333264046e-11,2.0620435975990148e-11,2.2082699168036304e-11,2.3648656270594476e-11,2.517716769788078e-11,2.6768760682418247e-11,2.8460967376123726e-11,3.026014814786721e-11
0.2876,1.606303668687861e-11,1.9668812911483065e-11,2.1920177288867667e-11,2.463510645193667e-11,2.5838416027164183e-11,2.7100501639615726e-11,2.8424234223440417e-11,2.9812624944475296e-11,3.17512910827866e-11,3.4168235116573296e-11,3.6769159652041977e-11
0.2984,1.0721157254475556e-11,1.7185809064014343e-11,2.0179497281174932e-11,2.411976333249448e-11,2.5850972408811062e-11,2.7706439954193384e-11,2.969508468755621e-11,3.161840616167997e-11,3.3555414494598553e-11,3.5611087926023844e-11,3.779269612297983e-11
0.3096,1.6757050636667313e-11,2.2676029029131826e-11,2.5093017936543034e-11,2.811032438745565e-11,3.0877938538494527e-11,3.248478149239913e-11,3.417524221357465e-11,3.59536720488569e-11,3.7824648782834154e-11,4.093437481047226e-11,4.508300287464401e-11
0.3213,1.3897631449245758e-11,2.3095323396199514e-11,2.608539855353471e-11,3.075100934186743e-11,3.2504274920134e-11,3.4357502751793967e-11,3.631639217425938e-11,3.8386967472068185e-11,4.11095420358116e-11,4.407796846562601e-11,4.726073820925191e-11
0.3215,1.4558482110804493e-11,2.199481321576537e-11,2.5036375583708287e-11,2.887897450430068e-11,3.1615671396371345e-11,3.361942134967343e-11,3.575016572371772e-11,3.801595321882902e-11,4.076139133195561e-11,4.381562215484613e-11,4.709870497750118e-11
0.3333,1.8143070379570855e-11,2.4687030352284667e-11,2.698420350285486e-11,3.10050166345269e-11,3.2929159513028766e-11,3.497271293275146e-11,3.7143087402298036e-11,3.9488238346818576e-11,4.205239158866075e-11,4.4783047113788155e-11,4.7691016682545824e-11
0.3458,1.3486093931795193e-11,2.1515766011113015e-11,2.4893933414067915e-11,2.871467021945598e-11,3.153513062101034e-11,3.352847906169421e-11,3.564782786856443e-11,3.7901141576046826e-11,4.055877543416103e-11,4.351427183054631e-11,4.6685133677577855e-11
0.3551,1.1472435664837611e-11,2.4189393474154843e-11,2.7353001388069295e-11,3.154789865163102e-11,3.367750898878439e-11,3.5950876608734806e-11,3.837770570759568e-11,4.066607703298615e-11,4.306505974998693e-11,4.560556381589464e-11,4.8295937891187284e-11
0.3588,1.4297830510525981e-11,2.226264731784097e-11,2.5205352256352873e-11,2.9283507636913345e-11,3.170837707513012e-11,3.354699522431571e-11,3.549222610522518e-11,3.755025168368496e-11,4.0089557882611533e-11,4.3151148646242076e-11,4.6446549371843124e-11
0.3723,1.408092747334514e-11,2.021584803230032e-11,2.3801986415442006e-11,2.6467975825978264e-11,2.9307309456306525e-11,3.148284298961364e-11,3.3256631365649397e-11,3.51303575142682e-11,3.710965207242951e-11,3.988550917758388e-11,4.465733882047847e-11
0.3746,1.8473734386618847e-11,2.438082996798343e-11,2.6254824039003575e-11,3.041314346929518e-11,3.2229654993535463e-11,3.4154662836843493e-11,3.6194647250565965e-11,3.835647553749867e-11,4.095821064389247e-11,4.377096133752256e-11,4.677687394765585e-11
0.3853,4.424135583592486e-12,1.8496704656693293e-11,2.079838142930154e-11,2.4454651060324544e-11,2.620463137756144e-11,2.8079840678976523e-11,3.0089240378777625e-11,3.203614188213912e-11,3.407195036276271e-11,3.623712885882157e-11,3.853989847807347e-11
0.3863,1.7635372655920448e-11,2.4112597302048346e-11,2.5500764404880838e-11,2.8521450634392693e-11,3.101287228979145e-11,3.249717951784891e-11,3.405252718120279e-11,3.568231534646474e-11,3.739010681085022e-11,4.001021902991335e-11,4.4612425428408186e-11
0.4008,1.6148459210276523e-11,2.0998707660485778e-11,2.4610577264373622e-11,2.755504027682183e-11,3.060248654348031e-11,3.2234160106054324e-11,3.395283178268762e-11,3.5763140167779995e-11,3.7669971177851374e-11,4.0798135596849056e-11,4.52142819254676e-11
0.4158,1.408092747334514e-11,2.403490062857366e-11,2.6203726721603964e-11,3.0663721983936815e-11,3.264935024602402e-11,3.476355779790717e-11,3.7014670787073543e-11,3.937914988613647e-11,4.182948569720831e-11,4.443229167598011e-11,4.71970551555484e-11
0.4314,1.7635372655920448e-11,2.3522370785898666e-11,2.6339004117817742e-11,3.09832236917476e-11,3.3098664445384795e-11,3.535854109202885e-11,3.7772715277368735e-11,4.01741185350993e-11,4.26417326312494e-11,4.5260914939710093e-11,4.804097523181814e-11
0.4477,1.7113286848247122e-11,2.4004520265473714e-11,2.6752507409427165e-11,3.118078750623164e-11,3.318358549060196e-11,3.5315026786671715e-11,3.7583374385403775e-11,3.995681737377858e-11,4.244960131167025e-11,4.509790243459918e-11,4.791142298529621e-11
0.4645,1.4297830510525981e-11,2.1218098284407477e-11,2.454833428400149e-11,2.7318713419926335e-11,3.039681576094137e-11,3.204703873560693e-11,3.3786851221474435e-11,3.562111697370919e-11,3.755496379752033e-11,4.054546594456675e-11,4.483693768797103e-11
0.4819,1.6757050636667313e-11,2.1399204001562138e-11,2.4478724208646534e-11,2.690809255819909e-11,2.957856132325953e-11,3.148580350005491e-11,3.3085872347793886e-11,3.476725467757566e-11,3.6534082738066597e-11,3.8390698773601363e-11,4.319548613463572e-11
0.5,1.1472435664837611e-11,1.5528369431024155e-11,1.9558585428913716e-11,2.3818358548068723e-11,2.5315527415067805e-11,2.68016439519411e-11,2.8375001110941576e-11,3.004072024423799e-11,3.221435491926858e-11,3.465874741304093e-11,3.72886179236348e-11
