energy_meV,median,lower,upper
0.0,4.25528366629703,3.159773659596739,5.8238824705357155
1.0,4.398022468991032,3.3935925065210997,5.900037742233955
2.0,4.536272059174322,3.619756738971382,5.975190858068221
3.0,4.670431109859272,3.8299588627894967,6.0501335640460505
4.0,4.8008425624089135,4.024304225564369,6.123894077343518
5.0,4.92780395979108,4.2057106434152685,6.198390363981581
6.0,5.051575439724554,4.375457648931654,6.2714924119593665
7.0,5.172386004575063,4.53631322058627,6.343797184478233
8.0,5.290438501430639,4.68881375744267,6.4166937146317595
9.0,5.405913622554039,4.834223405723011,6.489450884834395
10.0,5.518973151919749,4.973685629723551,6.5618961368267374
11.0,5.629762624543479,5.107004534416506,6.634448559900594
12.0,5.738413523422858,5.235267610901703,6.706056942432878
13.0,5.845045108713706,5.359502579504898,6.778032913172732
14.0,5.949765951698747,5.4787179353578725,6.8511332048434905
15.0,6.0526752297714905,5.593427185440436,6.924738467281701
16.0,6.153863826425235,5.704665062435177,6.999420851578732
17.0,6.253415270976389,5.812848373413805,7.076937155404236
18.0,6.351406545669737,5.917595538544206,7.1557439414047534
19.0,6.447908782347347,6.0186131042747055,7.235765407147162
20.0,6.542987866607099,6.116880530390974,7.3188975991547425
21.0,6.636704964036249,6.212043538397526,7.40234928066597
22.0,6.7291169804632665,6.304232812947168,7.487618636933918
23.0,6.820276966066315,6.3940226058863185,7.572886069273505
24.0,6.9102344714886765,6.481141567472025,7.659192907222483
25.0,6.999035862748959,6.566127845472506,7.746631844827584
26.0,7.086724600627693,6.647906533399089,7.834222009287796
27.0,7.17334148930869,6.727764458952637,7.921075340032361
28.0,7.258924898311944,6.805849574773087,8.008602975345623
29.0,7.343510961143092,6.881436160403094,8.096471174590684
30.0,7.4271337535771105,6.9552005877262495,8.184462962771159
31.0,7.509825454071492,7.026662482046544,8.272472736593105
32.0,7.591616488450649,7.096189932987555,8.359873495571449
33.0,7.672535660706403,7.164067496199735,8.447251155735138
34.0,7.752610271509017,7.231067202825804,8.53445488237856
35.0,7.831866225811238,7.296681327826426,8.621374949691807
36.0,7.910328130747703,7.361251461040448,8.706988439053585
37.0,7.988019384878464,7.424544484228923,8.792911980215706
38.0,8.064962259694076,7.486671215224812,8.878537185252771
39.0,8.141177974186872,7.548176076538927,8.963757277226977
40.0,8.216686763196048,7.609252739826587,9.048422970984534
41.0,8.29150794015038,7.669518083410914,9.132432535140811
42.0,8.365659954759842,7.728696387355443,9.2163057129987
43.0,8.439160446144399,7.786787051385687,9.299501266156666
44.0,8.512026291833443,7.843557657887221,9.382360993348414
45.0,8.584273653021523,7.90026245459805,9.465076791348226
46.0,8.655918016424092,7.95662196987194,9.547326996749884
47.0,8.726974233040385,8.012332265456315,9.628448168429825
48.0,8.797456554098265,8.067412078945516,9.70934744922176
49.0,8.867378664427395,8.121704194455463,9.789545666463225
50.0,8.936753713482199,8.175481421881395,9.869625257274983
51.0,9.005594344213684,8.228835994376468,9.949400240776468
52.0,9.07391271996977,8.281740701412208,10.028071623333272
53.0,9.141720549586104,8.3342189795424,10.106564541782534
54.0,9.209029110814047,8.385646755851658,10.184267730071712
55.0,9.275849272218487,8.437088706762689,10.261530032186782
56.0,9.34219151366594,8.487976219709651,10.338736575497038
57.0,9.408065945512261,8.53864867662343,10.415481984934464
58.0,9.47348232658948,8.588583863592445,10.49179498177688
59.0,9.5384500810823,8.638290647296008,10.567128133149115
60.0,9.60297831437698,8.68745381427768,10.642366575988099
61.0,9.667075827958021,8.736649213652477,10.716970001943098
62.0,9.73075113342161,8.78529434292184,10.791314926995382
63.0,9.794012465669091,8.833531931560545,10.865093629507646
64.0,9.856867795338298,8.881711881396217,10.938444553968537
65.0,9.919324840525837,8.929805219543722,11.011289155517073
66.0,9.98139107784925,8.977339680171127,11.08360141837049
67.0,10.043073752893795,9.024309233811675,11.155470834550194
68.0,10.104379890085287,9.070759972059678,11.227079762828211
69.0,10.165316302026985,9.11698366690433,11.298100825482488
70.0,10.22588959833575,9.162948326450456,11.368362038651306
71.0,10.286106194009808,9.208753429541495,11.438863770046684
72.0,10.34597231735822,9.254568875352433,11.509183580509665
73.0,10.405494017519699,9.299663453020822,11.578544382720695
74.0,10.464677171596549,9.34431444207546,11.64760613950453
75.0,10.523527491427464,9.388589565635412,11.716627576596645
76.0,10.582050530021355,9.43310657120052,11.785103287431067
77.0,10.640251687672663,9.477492380795843,11.853240393068338
78.0,10.698136217777218,9.521351333608846,11.920735421977215
79.0,10.75570923236642,9.564765242546894,11.98785709781283
80.0,10.812975707376207,9.608197658386187,12.054865581427956
81.0,10.869940487666144,9.651806378027985,12.121516727043954
82.0,10.926608291803054,9.695314389732216,12.187894918605569
83.0,10.982983716622499,9.738481794513438,12.253504984213542
84.0,11.039071241580546,9.780926435193594,12.318767928628194
85.0,11.094875232907592,9.823527913860904,12.384297236459478
86.0,11.150399947575066,9.865879391769727,12.449037347535532
87.0,11.205649537085195,9.908431446570031,12.51363446148889
88.0,11.26062805109348,9.950561993576116,12.578060892833017
89.0,11.315339440872686,9.992168625217234,12.642117176639298
90.0,11.36978756262687,10.033458323495015,12.706047542362645
91.0,11.423976180663209,10.074919881185286,12.769497125132542
92.0,11.477908970429064,10.116210629697678,12.832455076975815
93.0,11.53158952142122,10.157095929536847,12.895102207849428
94.0,11.585021339973759,10.198083938317088,12.957677714875008
95.0,11.638207851930769,10.23837214753256,13.019734155251212
96.0,11.69115240520962,10.278725891217652,13.08184380606716
97.0,11.743858272260201,10.318895953765978,13.143760682043116
98.0,11.796328652425299,10.359002042413456,13.205232626098667
99.0,11.848566674206873,10.399236123248519,13.266498115840843
100.0,11.900575397442822,10.438622234987774,13.32727344048415
101.0,11.952357815398475,10.47808554920679,13.388029187296238
102.0,12.003916856776906,10.51776760909038,13.448363429317508
103.0,12.055255387651826,10.557164807435994,13.508194987652942
104.0,12.106376213326762,10.596524107294496,13.567961104893888
105.0,12.157282080123819,10.635377733267916,13.627551055563616
106.0,12.207975677105333,10.67440819094247,13.687098758169213
107.0,12.25845963773145,10.712656658184244,13.745920667316144
108.0,12.308736541456511,10.751128404252814,13.804672322398146
109.0,12.358808915266973,10.78947154441807,13.863315689504404
110.0,12.408679235163511,10.82729853713885,13.92161583680186
111.0,12.45834992758968,10.864721617907135,13.979755686737938
112.0,12.507823370809543,10.902765509943723,14.037698335316382
113.0,12.557101896236452,10.940130434395307,14.095252056913235
114.0,12.60618778971505,10.977651415706253,14.152657936852554
115.0,12.655083292758544,11.015290551017092,14.209963443221008
116.0,12.703790603743125,11.052378430366604,14.266617931196949
117.0,12.752311879061292,11.089404029524193,14.323100331908943
118.0,12.800649234235875,11.126427716416298,14.379481433582548
119.0,12.848804744996288,11.163178230825098,14.435921419521696
120.0,12.896780448318673,11.199700497293543,14.492089309414657
121.0,12.944578343431292,11.236463561415118,14.548020908701478
122.0,12.992200392786671,11.272799472195167,14.60360466430792
123.0,13.039648523001754,11.308800014479575,14.659103870287078
124.0,13.086924625767411,11.34483560568073,14.714380770871225
125.0,13.134030558728465,11.380706891290934,14.76947869048054
126.0,13.180968146335411,11.416798683173203,14.824471443470811
127.0,13.227739180668951,11.4524874561046,14.87904653292669
128.0,13.274345422238348,11.488383420063553,14.933347982447323
129.0,13.320788600754682,11.524068306174943,14.987690914893887
130.0,13.367070415879892,11.559103051634409,15.041840269662467
131.0,13.413192537952595,11.594164592166004,15.095560597740432
132.0,13.459156608691453,11.629424521096233,15.14929189540677
133.0,13.504964241877076,11.66476461261216,15.202539738478794
134.0,13.55061702401312,11.700026854116098,15.255825379700939
135.0,13.59611651496742,11.734676802964758,15.30890164559572
136.0,13.6414642485939,11.769332934236592,15.361754649987827
137.0,13.686661733335898,11.803781884738541,15.414477347340608
138.0,13.731710452811656,11.838419748549105,15.467022220207413
139.0,13.776611866382552,11.87263986299937,15.519581112331945
140.0,13.821367409704736,11.90673656252783,15.571920459345609
141.0,13.865978495264727,11.941453782527773,15.62387312376392
142.0,13.910446512899561,11.975914427887083,15.675808552270222
143.0,13.954772830302012,12.009491566819605,15.72744911151291
144.0,13.998958793511427,12.043387707817311,15.77886642761253
145.0,14.04300572739065,12.076881857198055,15.830132783702233
146.0,14.086914936089528,12.110441771583398,15.881419810245776
147.0,14.130687703495463,12.144036838133948,15.932548645695704
148.0,14.174325293671426,12.177314399142336,15.983406609543575
149.0,14.217828951281883,12.211022070447946,16.03428192241119
150.0,14.261199902007014,12.244478094729883,16.084781859088878
151.0,14.304439352945668,12.277994502095249,16.135174439214286
152.0,14.347548493007306,12.311277142184036,16.18565966442519
153.0,14.390528493293495,12.344487287489786,16.235840102421207
154.0,14.433380507469053,12.37775065142243,16.285784535445572
155.0,14.4761056721234,12.410348741884711,16.335576990380883
156.0,14.518705107122292,12.443303353231357,16.385277387257858
157.0,14.561179915950307,12.475783050511804,16.434641357944383
158.0,14.603531186044364,12.508230572799507,16.484033531329985
159.0,14.645759989118556,12.540869839784019,16.533059882960753
160.0,14.687867381480595,12.573473785122726,16.582187001577296
161.0,14.729854404340095,12.606039444364393,16.630935101404273
162.0,14.771722084108982,12.638415900747658,16.67961404622477
163.0,14.813471432694252,12.67053744681135,16.72812948525223
164.0,14.855103447783334,12.702518068893456,16.776576432016547
165.0,14.896619113122277,12.734489240696995,16.824762026106864
166.0,14.938019398786963,12.766930886072837,16.872945598508192
167.0,14.979305261447587,12.799019035605104,16.921174358221545
168.0,15.020477644626583,12.830649353887617,16.969188364618137
169.0,15.061537478950237,12.862300161892362,17.017106112223267
170.0,15.102485682394086,12.893793212840734,17.064647353087572
171.0,15.143323160522398,12.925054945775853,17.11228063351855
172.0,15.184050806721825,12.956293370231956,17.159349576536737
173.0,15.224669502429451,12.987651819737012,17.206675090453068
174.0,15.265180117355348,13.0188425455981,17.253910547534414
175.0,15.30558350969987,13.050051104401547,17.30113717737276
176.0,15.345880526365777,13.081067788892312,17.34814272417809
177.0,15.386072003165332,13.112299153779771,17.394856419805794
178.0,15.426158765022603,13.143261864016877,17.441629380627706
179.0,15.466141626171,13.174361036226165,17.488033059624165
180.0,15.506021390346236,13.204885961375153,17.534372170716452
181.0,15.545798850974842,13.235696889341746,17.580553834077314
182.0,15.585474791358346,13.266334426397146,17.626692760815427
183.0,15.625049984853234,13.297293897438594,17.672771590759865
184.0,15.664525195046858,13.327842985156341,17.71871282090129
185.0,15.703901175929293,13.358511834212095,17.76468696822691
186.0,15.743178672061406,13.388966057455537,17.810396372107572
187.0,15.782358418739094,13.419140362712593,17.855936647930488
188.0,15.82144114215391,13.449321233312375,17.901500209501215
189.0,15.860427559550093,13.479456174068883,17.946838052148138
190.0,15.899318379378148,13.509428106103234,17.99201969148245
191.0,15.938114301445056,13.539556274803443,18.037066103181385
192.0,15.976816017061193,13.569443167780479,18.082175202279924
193.0,16.015424209184058,13.599324954011438,18.12712006683419
194.0,16.05393955255888,13.629540208376563,18.17181487283966
195.0,16.092362713856225,13.659442734597887,18.21647068076604
196.0,16.13069435180661,13.688846617653635,18.261105048090357
197.0,16.168935117332296,13.718870990544248,18.305461466153634
198.0,16.207085653676206,13.74856092878135,18.349686975028682
199.0,16.24514659652823,13.777846675894386,18.393781385291714
200.0,16.283118574148766,13.807100965848846,18.43784374468377
201.0,16.321002207489713,13.836463279009488,18.482080419940004
202.0,16.35879811031299,13.865523847032042,18.525974396798752
203.0,16.396506889306497,13.894861939108004,18.569893487778618
204.0,16.43412914419779,13.92424404768178,18.613674539309184
205.0,16.471665467865318,13.953267441442263,18.657381463817067
206.0,16.50911644644748,13.982076837853663,18.700604111450623
207.0,16.546482659449357,14.010874168660091,18.7441916961638
208.0,16.583764679847388,14.039938471718694,18.78760527169247
209.0,16.62096307419186,14.068651617456498,18.830815087570883
210.0,16.658078402707353,14.097522726242108,18.873903410244214
211.0,16.695111219391165,14.12623580759962,18.916737143031735
212.0,16.732062072109837,14.154957312065546,18.959543079445925
213.0,16.76893150269367,14.183445657170877,19.00226093825243
214.0,16.805720047029457,14.21221864125324,19.045022315410947
215.0,16.842428235151356,14.24081459788248,19.08770268767938
216.0,16.879056591329952,14.26917671491381,19.130337611501982
217.0,16.915605634159682,14.297393967000891,19.172949781861487
218.0,16.95207587664444,14.325912715241067,19.2154341833054
219.0,16.98846782628163,14.35422055362625,19.257512689175613
220.0,17.024781985144532,14.38225945778898,19.299508668885924
221.0,17.061018849963137,14.410572614090873,19.341795030264567
222.0,17.097178912203415,14.438483028592737,19.38385617793669
223.0,17.13326265814509,14.466515577764863,19.425678209330414
224.0,17.16927056895792,14.494270682659282,19.467587601665574
225.0,17.20520312077658,14.522153491618816,19.50936246534018
226.0,17.241060784774113,14.549709284567212,19.55100355387679
227.0,17.27684402723401,14.577474729335217,19.592615212199735
228.0,17.312553309620945,14.60525143090767,19.633968489302177
229.0,17.348189088650233,14.633006750634674,19.67526878158897
230.0,17.383751816355943,14.660581478023524,19.71668250776318
231.0,17.41924194015785,14.688365629248697,19.757721793266246
232.0,17.45465990292707,14.716049738123706,19.798787687552014
233.0,17.49000614305054,14.743661422273949,19.839864939780984
234.0,17.525281094494357,14.771280952595847,19.880754793636548
235.0,17.560485186865904,14.79847763606714,19.921631263934486
236.0,17.595618845474934,14.825821319611693,19.96232772886202
237.0,17.63068249139347,14.85335342897978,20.002999789808207
238.0,17.665676541514735,14.880394870543775,20.043628430406496
239.0,17.700601408610943,14.907572047595945,20.08398105982142
240.0,17.735457501390126,14.934419050005154,20.124480274141888
241.0,17.77024522455194,14.96161670294267,20.164927060845088
242.0,17.80496497884246,14.988432691888455,20.205290283421046
243.0,17.839617161108087,15.015646432377135,20.245450098553068
244.0,17.87420216434843,15.042105067420678,20.28569493028885
245.0,17.908720377768304,15.069087814820582,20.32591852703346
246.0,17.943172186828875,15.095791082308278,20.36579735369359
247.0,17.977557973297845,15.122680629840787,20.405729668735408
248.0,18.011878115298824,15.149431300196651,20.44564357931047
249.0,18.04613298735982,15.175973684574645,20.485377181771742
250.0,18.080322960460965,15.202679191350857,20.524944737275707
251.0,18.114448402081354,15.229229523996624,20.564576006561392
252.0,18.148509676245137,15.255753252926667,20.604051380866714
253.0,18.182507143566838,15.281968190992538,20.64337607199157
254.0,18.216441161295872,15.30855635710672,20.682804635864628
255.0,18.25031208336039,15.334969905356449,20.722101264357022
256.0,18.28412026041029,15.361069217268351,20.761327660553942
257.0,18.3178660398596,15.387512803157053,20.80059451029328
258.0,18.35154976592814,15.413716067015995,20.83977055288564
259.0,18.385171779682477,15.440073393714082,20.878789510086765
260.0,18.4187324190762,15.466317522766289,20.917644285564485
261.0,18.452232018989584,15.492408949169315,20.956294858777092
262.0,18.485670911268542,15.518518463258502,20.99501530251009
263.0,18.519049424763022,15.544354724447377,21.033658472856235
264.0,18.552367885364696,15.570363871300382,21.072261127319322
265.0,18.585626616044102,15.596458483445918,21.110772245578698
266.0,18.61882593688718,15.622579987220767,21.149210200246014
267.0,18.65196616513118,15.64862272925968,21.187652696772837
268.0,18.685047615200077,15.674439755022378,21.226209453964003
269.0,18.71807059873933,15.700327034574425,21.26436581188084
270.0,18.751035424650166,15.726176483711908,21.30266163760468
271.0,18.78394239912328,15.75199340198656,21.340954563068415
272.0,18.816791825672006,15.777781595632185,21.3790290041856
273.0,18.84958400516501,15.803269834321663,21.41720654331522
274.0,18.882319235858397,15.829079540013147,21.455339246128993
275.0,18.91499781342741,15.854629129447256,21.493114227962188
276.0,18.947620030997548,15.88013014377398,21.530897566552625
277.0,18.98018617917525,15.905499154603074,21.56869993857767
278.0,19.012696546078118,15.931119495179843,21.606398247507915
279.0,19.045151417364643,15.956326038711536,21.64394779979443
280.0,19.077551076263486,15.98160287285731,21.68150378983419
281.0,19.109895803602328,16.006957274526673,21.719128888396625
282.0,19.142185877836244,16.032236794894093,21.756581538755977
283.0,19.174421575075716,16.057527643574726,21.793861540108622
284.0,19.206603169114125,16.082559534653793,21.83119318092096
285.0,19.238730931454928,16.107461454255674,21.868390938742316
286.0,19.270805131338335,16.132739350682083,21.905474244128843
287.0,19.302826035767712,16.157876795528388,21.94258783136251
288.0,19.334793909535406,16.182977483769566,21.9796523815209
289.0,19.36670901524839,16.20804884587726,22.016579384453156
290.0,19.39857161335336,16.232857189769824,22.053474217527718
291.0,19.430381962161594,16.25774886061897,22.09033989084132
292.0,19.462140317873317,16.282655828892953,22.1272086737872
293.0,19.493846934601848,16.307295031278088,22.163916213372318
294.0,19.525502064397255,16.332145427516494,22.20058325082006
295.0,19.557105957269783,16.356873351158274,22.237107639743748
296.0,19.588658861212853,16.38163329437664,22.2735970326692
297.0,19.620161022225798,16.406360958440732,22.310136310564133
298.0,19.651612684336218,16.43092579218612,22.34665925885706
299.0,19.683014089622045,16.455466483224757,22.38303245386748
300.0,19.71436547823327,16.479894357125215,22.419194934618016
301.0,19.745667088413377,16.504195993159566,22.455489292565687
302.0,19.776919156520485,16.528747558921868,22.49163171769874
303.0,19.80812191704813,16.553386748377513,22.52768526707353
304.0,19.83927560264583,16.57813924091231,22.563716633513813
305.0,19.87038044413931,16.602555292526652,22.599588447897283
306.0,19.901436670550435,16.626903754128673,22.635440650579238
307.0,19.93244450911692,16.651056784484577,22.67136524104177
308.0,19.963404185311706,16.675343046457687,22.707233026413945
309.0,19.99431592286209,16.699420375242724,22.743075994523636
310.0,20.0251799437686,16.723761535735484,22.77872740505124
311.0,20.055996468323578,16.748024050127455,22.814456844715146
312.0,20.086765715129538,16.77228905323527,22.850121624849596
313.0,20.117487901117258,16.79641765549415,22.885755434850733
314.0,20.148163241563605,16.82046115972949,22.921340762832017
315.0,20.17879195010917,16.844505388143197,22.956722022075184
316.0,20.20937423877558,16.868618372524285,22.99221017023354
317.0,20.239910317982684,16.89259423356639,23.02768518066116
318.0,20.270400396565375,16.916455294511017,23.0630165852494
319.0,20.300844681790295,16.940330003160195,23.09837410740185
320.0,20.331243379372275,16.964128051491603,23.133365525936398
321.0,20.361596693490533,16.988170201750144,23.16844347920314
322.0,20.391904826804684,17.011748532823333,23.203507160395414
323.0,20.422167980470537,17.035439220472583,23.238545931487053
324.0,20.452386354155635,17.059307012863957,23.273540303963205
325.0,20.482560146054674,17.083014790842647,23.3084921151473
326.0,20.512689552904632,17.106842480256017,23.343241267580893
327.0,20.542774769999763,17.13039266959919,23.37814831021744
328.0,20.572815991206316,17.153993439397738,23.412898579127802
329.0,20.602813408977184,17.17748041243389,23.44775097209996
330.0,20.632767214366222,17.20099842970904,23.482316333382126
331.0,20.66267759704248,17.22440560860091,23.516905020492676
332.0,20.69254474530421,17.248058890641573,23.55146931179404
333.0,20.722368846092678,17.271350659382957,23.585999460616506
334.0,20.75215008500585,17.29484629963287,23.620462062296095
335.0,20.781888646311817,17.318416906639325,23.65485558515051
336.0,20.811584712962148,17.341932793772525,23.689221017939786
337.0,20.841238466604985,17.365421688757174,23.723520533480276
338.0,20.87085008759804,17.388725179039998,23.757725137244368
339.0,20.900419755021346,17.41194475816851,23.791912825819033
340.0,20.929947646689953,17.43512499968946,23.82613170721564
341.0,20.959433939166345,17.45819314415931,23.860193070302444
342.0,20.98887880777279,17.481407060535457,23.894317867661588
343.0,21.018282426603495,17.504473081452037,23.928298427144313
344.0,21.047644968536627,17.52763076579357,23.962317663653064
345.0,21.076966605246135,17.550780100516864,23.996204445112912
346.0,21.10624750721351,17.574020896600576,24.03005964274245
347.0,21.135487843739305,17.596757572999017,24.063913237217818
348.0,21.164687782954598,17.619532841366752,24.097683572424334
349.0,21.19384749183223,17.642444571844937,24.131404380228876
350.0,21.22296713619797,17.665091029170643,24.164998555083866
351.0,21.252046880741503,17.687907763323764,24.198614085030744
352.0,21.28108688902732,17.71053466847287,24.23224986021051
353.0,21.31008732350541,17.733334086174064,24.265814313920366
354.0,21.33904834552192,17.75613040423921,24.299427718660557
355.0,21.367970115329562,17.77888666088769,24.332884127155662
356.0,21.396852792098024,17.80170538357885,24.366371131650908
357.0,21.42569653392414,17.824475473224943,24.399780147609675
358.0,21.454501497841996,17.847118462744685,24.43300748463065
359.0,21.483267839832937,17.8697481658884,24.466316100948458
360.0,21.51199571483538,17.892292984898063,24.49955232668686
361.0,21.540685276754576,17.914809737549806,24.532810818503958
362.0,21.56933667847222,17.937291244856333,24.5658407049746
363.0,21.59795007185596,17.95974971455027,24.59900823412756
364.0,21.626525607768773,17.982199960158532,24.632018840707453
365.0,21.655063436078272,18.004698510884822,24.66509697208572
366.0,21.683563705665858,18.02728377864126,24.698222793756372
367.0,21.712026564435792,18.049813172837403,24.731178766567155
368.0,21.74045215932413,18.07246030756886,24.764029845179813
369.0,21.768840636307594,18.09491525802506,24.796891538510046
370.0,21.797192140412314,18.117307777395332,24.82975020451644
371.0,21.825506815722473,18.139612023815076,24.8623742865738
372.0,21.85378480538883,18.161893149392235,24.895186816378814
373.0,21.8820262516372,18.183931654264303,24.92793267561036
374.0,21.91023129577676,18.20611742437283,24.960609173627134
375.0,21.93840007820832,18.22833952512374,24.993091733959872
376.0,21.96653273843249,18.250525605756476,25.02556901056174
377.0,21.994629415057716,18.272750904804788,25.057977892574296
378.0,22.022690245808253,18.294893337792846,25.090476655185398
379.0,22.05071536753204,18.316859700996908,25.122900255341502
380.0,22.078704916208498,18.33872743071481,25.15531000079786
381.0,22.10665902695622,18.360836749468927,25.1876366016707
382.0,22.134577834040577,18.382918741718598,25.219762506053556
383.0,22.162461470881254,18.40488829210873,25.252073358586507
384.0,22.190310070059674,18.42700457748228,25.284178116207965
385.0,22.218123763326364,18.448797785235044,25.316379992060327
386.0,22.245902681608207,18.470507472891473,25.34831552008843
387.0,22.27364695501567,18.492348901235044,25.380501702904414
388.0,22.30135671284988,18.51426623298753,25.412466745237133
389.0,22.329032083609675,18.536155420491067,25.44450193162841
390.0,22.356673194998532,18.558061386833277,25.47648182281413
391.0,22.38428017393147,18.579866284460156,25.50841666553105
392.0,22.411853146541837,18.601691688497546,25.540234595833603
393.0,22.439392238188024,18.623486928380867,25.571989504877966
394.0,22.46689757346013,18.644934079432428,25.603798385879625
395.0,22.494369276186525,18.666709325317402,25.635764701831988
396.0,22.52180746944037,18.68839722487044,25.667376039292296
397.0,22.549212275546026,18.709903401877522,25.699099212976243
398.0,22.576583816085446,18.731536909613425,25.73074450362364
399.0,22.603922211904443,18.753073326575407,25.762389389788225
400.0,22.631227583118918,18.77465463323385,25.794020221409326
401.0,22.658500049121045,18.796242600174267,25.825583701975923
402.0,22.685739728585308,18.81769278415152,25.85714894832345
403.0,22.712946739474592,18.83910903478813,25.888634836435372
404.0,22.74012119904609,18.860539217149228,25.920109096273542
405.0,22.76726322385721,18.8816474872483,25.951545522035808
406.0,22.79437292977143,18.902972156912902,25.982925615768465
407.0,22.821450431964053,18.924287597801747,26.014178873915252
408.0,22.84849584492791,18.94558464922706,26.045394513050653
409.0,22.875509282479015,18.966792308565783,26.076708356795784
410.0,22.90249085776216,18.988003999348106,26.10780954430417
411.0,22.929440683256427,19.009292531397346,26.139048551973563
412.0,22.956358870780676,19.03057259645232,26.17007996712539
413.0,22.983245531498945,19.05168686268634,26.201168076616742
414.0,23.01010077592582,19.072824653997806,26.232241516864786
415.0,23.036924713931715,19.09411800646765,26.26311496369083
416.0,23.063717454748126,19.11547605932011,26.294158271440818
417.0,23.090479106972836,19.13668213085462,26.32508380438398
418.0,23.117209778575024,19.157897878153772,26.356000613628794
419.0,23.143909576900366,19.179090933311123,26.386933623823154
420.0,23.170578608676045,19.200078197865633,26.417871481888586
421.0,23.197216980015764,19.22106151318172,26.448659209461464
422.0,23.22382479642463,19.242188269319826,26.479476766610443
423.0,23.25040216280405,19.26309512252035,26.51017300800476
424.0,23.27694918345655,19.28409591115222,26.54090027087201
425.0,23.303465962090584,19.304976774981682,26.57156729253949
426.0,23.329952601825195,19.325735316891418,26.602272555677015
427.0,23.35640920519474,19.346517934559323,26.63281071698013
428.0,23.382835874153532,19.36719328135707,26.663453618071564
429.0,23.409232710080378,19.38787756811975,26.693948570352365
430.0,23.43559981378315,19.408801523709222,26.72449236462377
431.0,23.46193728550327,19.429402842102057,26.7549984976182
432.0,23.48824522492015,19.450318351769255,26.785287161990443
433.0,23.5145237311556,19.47111057097623,26.815613067541406
434.0,23.54077290277818,19.49186416148726,26.845984224613755
435.0,23.566992837807522,19.512743760285606,26.87625148645644
436.0,23.593183633718596,19.533288995943934,26.90640002141545
437.0,23.61934538744591,19.553996179595696,26.936681734354423
438.0,23.645478195387764,19.57457706088603,26.96693814941588
439.0,23.671582153410316,19.595404507926023,26.997193052901938
440.0,23.697657356851742,19.616186634307798,27.027294866540796
441.0,23.723703900526267,19.636764218906713,27.05730456347385
442.0,23.7497218787282,19.65738344488885,27.08722252886795
443.0,23.77571138523591,19.67802008133449,27.11725662238573
444.0,23.80167251331579,19.69838829747089,27.147318252411694
445.0,23.827605355726114,19.718735946843392,27.177448182996045
446.0,23.853510004720974,19.739254344499074,27.20743162014309
447.0,23.879386552054033,19.759639057549254,27.237341148977606
448.0,23.905235088982387,19.77995197838142,27.267175569294633
449.0,23.931055706270264,19.80046850852027,27.29695407352835
450.0,23.956848494192766,19.820916687516586,27.32679506562876
451.0,23.98261354253956,19.84107482683279,27.356543428644773
452.0,24.008350940618506,19.861565429093034,27.386187384352343
453.0,24.034060777259285,19.88193206144272,27.415903342386894
454.0,24.059743140816963,19.90227302943766,27.445599889543864
455.0,24.085398119175537,19.922559234191365,27.475300480447434
456.0,24.111025799751456,19.94274389133743,27.505010775584005
457.0,24.13662626949706,19.9630346877223,27.534640817218193
458.0,24.162199614904097,19.983253664647638,27.56415343246493
459.0,24.187745922007025,20.003501349726875,27.59356079934833
460.0,24.213265276386473,20.023637820228704,27.62298447796132
461.0,24.238757763172572,20.04368158011931,27.652488151249134
462.0,24.264223467048236,20.063816579038342,27.682010817528685
463.0,24.28966247225247,20.084022846147725,27.711291286184455
464.0,24.315074862583614,20.10406558059,27.740521619049826
465.0,24.340460721402568,20.124124692640105,27.76976695349248
466.0,24.365820131635974,20.144146637168134,27.799008871967587
467.0,24.39115317577938,20.164102476671605,27.828248611313903
468.0,24.416459935900374,20.18414282493657,27.85758054950607
469.0,24.44174049364169,20.20423325013197,27.88678194321637
470.0,24.466994930224256,20.224275434920248,27.915970434020803
471.0,24.49222332645028,20.244208508200803,27.94509424332391
472.0,24.51742576270623,20.263912978958025,27.974211089856528
473.0,24.542602318965823,20.28395404820039,28.003281327141583
474.0,24.567753074793025,20.30387990101066,28.032285649576764
475.0,24.592878109344948,20.323745936063467,28.06137153076938
476.0,24.617977501374753,20.344070168724826,28.090379682214095
477.0,24.643051329234567,20.363999702704998,28.119403139650405
478.0,24.668099670878277,20.38376873979205,28.148101891097234
479.0,24.69312260386443,20.403619929438676,28.177110783349548
480.0,24.71812020535899,20.42354477264407,28.20599708667568
481.0,24.7430925521381,20.44338986108894,28.234805925591655
482.0,24.768039720590885,20.463404082875222,28.26365990206939
483.0,24.792961786722124,20.482902996151502,28.292446336006215
484.0,24.81785882615499,20.502602491287437,28.321231859857374
485.0,24.84273091413371,20.522290879951754,28.349871400563075
486.0,24.86757812552622,20.541809662093417,28.378556126842316
487.0,24.89240053482681,20.56154653535876,28.407297855362348
488.0,24.91719821615869,20.581204500771797,28.436003256994145
489.0,24.941971243276612,20.600644186075957,28.46457405584225
490.0,24.966719689569413,20.62025939018417,28.4932816448548
491.0,24.99144362806256,20.639653379801768,28.521982573255688
492.0,25.016143131420648,20.659280704399826,28.55054902730923
493.0,25.0408182719499,20.678787448349613,28.579099816487176
494.0,25.06546912160065,20.69833538404107,28.60741685174472
495.0,25.090095751969766,20.7177884529459,28.63585954186535
496.0,25.114698234303095,20.73738139867834,28.664211906646724
497.0,25.13927663949786,20.75678690436794,28.69258723631095
498.0,25.163831038105037,20.776316989874932,28.72087641435829
499.0,25.188361500331737,20.79581025626267,28.749141504315823
500.0,25.212868096043533,20.815099090950525,28.77743395777893
